variant,mae,rmse,n,wmape,mae_ward_mean,rmse_ward_mean,wmape_ward_mean,mae_ward_med,rmse_ward_med,wmape_ward_med,n_wards
baseline,5.770707798087362,9.351445573915656,23041,27.65594683079006,5.71423797754196,7.1564006590563976,52.90584657759505,4.666639891677443,5.729468687384259,35.899695258276424,989
rank_safe,5.558998338995852,8.488844380183847,23041,26.641335495565166,5.543175018525964,6.950182755854001,58.56320439107163,4.623025813444863,5.71148113676501,35.48409102841776,989
